<?xml version="1.0" encoding="UTF-8"?>
<!DOCTYPE generatorConfiguration
        PUBLIC "-//mybatis.org//DTD MyBatis Generator Configuration 1.0//EN"
        "http://mybatis.org/dtd/mybatis-generator-config_1_0.dtd">
<generatorConfiguration>
	<!-- 数据库驱动包 -->
	<classPathEntry	location="C:\astudy\java\maven\repository\mysql\mysql-connector-java\5.1.46\mysql-connector-java-5.1.46.jar" />
	<context id="DBMasterTables" targetRuntime="MyBatis3">
		<commentGenerator>
			<property name="suppressDate" value="true" />
			<!-- 是否去除自动生成的注释true：是，false：否 -->
			<property name="suppressAllComments" value="true" />
		</commentGenerator>
		<!-- 数据库链接URL，用户名、密码 -->
		<jdbcConnection driverClass="com.mysql.jdbc.Driver" connectionURL="jdbc:mysql://localhost:3306/db_master" userId="root"	password=""></jdbcConnection>
		<javaTypeResolver>
			<property name="forceBigDecimals" value="false" />
		</javaTypeResolver>
		<!-- 生成实体的包名和位置 -->
		<javaModelGenerator targetPackage="com.spring.boot.demo.DynamicDataSource.bean" targetProject="src/main/java">
			<property name="enableSubPackages" value="true" />
			<property name="trimStrings" value="true" />
		</javaModelGenerator>
		<!-- 生成xml映射文件的包名和位置 -->
		<sqlMapGenerator targetPackage="resources.mapping" targetProject="src/main">
			<property name="enableSubPackages" value="true" />
		</sqlMapGenerator>
		<!-- 生成Dao的包名和位置 -->
		<javaClientGenerator type="XMLMAPPER" targetPackage="com.spring.boot.demo.DynamicDataSource.mapper" targetProject="src/main/java">
			<property name="enableSubPackages" value="true" />
		</javaClientGenerator>
		<!-- 指定表名或视图名，以及生成的实体名 -->
		<table tableName="t_test" domainObjectName="Test" enableCountByExample="false" enableUpdateByExample="false"
			enableDeleteByExample="false" enableSelectByExample="false"	selectByExampleQueryId="false"></table>
	</context>
</generatorConfiguration>
