<?xml version="1.0" encoding="UTF-8"?>
<!DOCTYPE mapper PUBLIC "-//mybatis.org//DTD Mapper 3.0//EN" "http://mybatis.org/dtd/mybatis-3-mapper.dtd">
<mapper namespace="com.my.learn.mds.aop.learn1.mapper.UserMapper">
    <resultMap id="BaseResultMap" type="com.my.learn.mds.aop.learn1.bean.TUser">
        <id column="id" jdbcType="INTEGER" property="id"/>
        <result column="name" jdbcType="VARCHAR" property="name"/>
        <result column="age" jdbcType="INTEGER" property="age"/>
    </resultMap>

    <sql id="Base_Column_List">
		id, name, age
	</sql>

    <select id="selectByPrimaryKey" parameterType="java.lang.Integer" resultMap="BaseResultMap">
        select
        <include refid="Base_Column_List"/>
        from t_user
        where id = #{id,jdbcType=INTEGER}
    </select>

    <insert id="insert" useGeneratedKeys="true" keyProperty="id" parameterType="com.my.learn.mds.aop.learn1.bean.TUser">
		insert into t_user (name,age)
		values (#{name,jdbcType=VARCHAR},#{age,jdbcType=INTEGER})
	</insert>

    <update id="updateByPrimaryKey">
		update t_user
		set name = #{name,jdbcType=VARCHAR},
		 age = #{age,jdbcType=INTEGER}
		where id = #{id,jdbcType=INTEGER}
	</update>

    <delete id="delete">
		delete from t_user
		where id = #{id,jdbcType=INTEGER}
	</delete>
</mapper>